BookNameprice,BookUrl
"2024 Kara-ori
EGP970.00",https://diwanegypt.com/product/2024-kara-ori-2/
"2024 Van Goghâ€™s Irises
EGP970.00",https://diwanegypt.com/product/2024-van-goghs-irises/
"2024 Firebird
EGP970.00",https://diwanegypt.com/product/2024-firebird-2/
"2024 Diamond Jubilee
EGP870.00",https://diwanegypt.com/product/2024-diamond-jubilee-2/
"2024 Firebird
EGP725.00",https://diwanegypt.com/product/2024-firebird/
"2024 Morris Pink Honeysuckle
EGP1,115.00",https://diwanegypt.com/product/2024-morris-pink-honeysuckle-3/
"2024 Turquoise Chronicles
EGP1,115.00",https://diwanegypt.com/product/2024-turquoise-chronicles-3/
"2024 Morris Pink Honeysuckle
EGP1,115.00",https://diwanegypt.com/product/2024-morris-pink-honeysuckle-2/
"2024 Diamond Jubilee
EGP1,115.00",https://diwanegypt.com/product/2024-diamond-jubilee/
"2024 Arabica
EGP1,115.00",https://diwanegypt.com/product/2024-arabica/
"2024 Oceania
EGP970.00",https://diwanegypt.com/product/2024-oceania-2/
"2024 Inkblot
EGP970.00",https://diwanegypt.com/product/2024-inkblot/
"2024 Verne, Twenty Thousand Leagues
EGP870.00",https://diwanegypt.com/product/2024-verne-twenty-thousand-leagues-2/
"2024 Turquoise Chronicles
EGP870.00",https://diwanegypt.com/product/2024-turquoise-chronicles-2/
"2024 Tropical Garden
EGP870.00",https://diwanegypt.com/product/2024-tropical-garden/
"2024 Safavid Indigo
EGP870.00",https://diwanegypt.com/product/2024-safavid-indigo/
"2024 Poetry in Bloom
EGP870.00",https://diwanegypt.com/product/2024-poetry-in-bloom/
"2024 Jungle Song
EGP870.00",https://diwanegypt.com/product/2024-jungle-song/
"2024 Anemone
EGP870.00",https://diwanegypt.com/product/2024-anemone/
"2024 Verne, Twenty Thousand Leagues
EGP870.00",https://diwanegypt.com/product/2024-verne-twenty-thousand-leagues/
"2024 Turquoise Chronicles
EGP870.00",https://diwanegypt.com/product/2024-turquoise-chronicles/
"2024 Wilde, The Importance of Being Earnest
EGP1,065.00",https://diwanegypt.com/product/2024-wilde-the-importance-of-being-earnest/
"2024 Oceania
EGP1,065.00",https://diwanegypt.com/product/2024-oceania/
"2024 Moonlight
EGP725.00",https://diwanegypt.com/product/2024-moonlight/
"2024 Kara-ori
EGP725.00",https://diwanegypt.com/product/2024-kara-ori/
"2024 Restoration
EGP725.00",https://diwanegypt.com/product/2024-restoration/
"2024 Azure
EGP725.00",https://diwanegypt.com/product/2024-azure/
"2024 Morris Pink Honeysuckle
EGP870.00",https://diwanegypt.com/product/2024-morris-pink-honeysuckle/
"Vintage Floral Daily Agenda Box 2024
EGP499.00",https://diwanegypt.com/product/vintage-floral-daily-agenda-box-2024/
"Arab Arts Daily Agenda Box 2024
EGP499.00",https://diwanegypt.com/product/arab-arts-daily-agenda-box-2024/
